mode,date,h,model,yhat,lo,hi
rail_lrt_kj,2026-09-01,1,seasonal_naive,143736.0,120570.91602536639,175389.37223476308
rail_lrt_kj,2026-09-02,2,seasonal_naive,290616.0,235423.02199622986,338099.19829207787
rail_lrt_kj,2026-09-03,3,seasonal_naive,285779.0,231493.49188853655,319068.22078924195
rail_lrt_kj,2026-09-04,4,seasonal_naive,282980.0,212561.85276521536,316375.07629983505
rail_lrt_kj,2026-09-05,5,seasonal_naive,175979.0,148488.33364032814,198936.58850425133
rail_lrt_kj,2026-09-06,6,seasonal_naive,230076.0,191664.18541139094,267187.13968765107
rail_lrt_kj,2026-09-07,7,seasonal_naive,165188.0,134591.84778126338,206519.64894985498
rail_lrt_kj,2026-09-08,8,seasonal_naive,143736.0,108511.30228362438,173719.70947185296
rail_lrt_kj,2026-09-09,9,seasonal_naive,290616.0,239670.35255234243,353145.2530338894
rail_lrt_kj,2026-09-10,10,seasonal_naive,285779.0,248536.36046005622,329601.1815426435
rail_lrt_kj,2026-09-11,11,seasonal_naive,282980.0,246161.41780889913,324379.76131848263
rail_lrt_kj,2026-09-12,12,seasonal_naive,175979.0,152564.30887514123,203287.5814350829
rail_lrt_kj,2026-09-13,13,seasonal_naive,230076.0,193324.88137423815,272284.3809105934
rail_lrt_kj,2026-09-14,14,seasonal_naive,165188.0,140759.00128906008,208246.34949125812
rail_lrt_kj,2026-09-01,1,weekday_mean,266748.5,202651.57193920025,307955.13241546624
rail_lrt_kj,2026-09-02,2,weekday_mean,304317.75,253034.95261216222,348812.21660724236
rail_lrt_kj,2026-09-03,3,weekday_mean,298027.5,246714.63355718277,334428.6046336927
rail_lrt_kj,2026-09-04,4,weekday_mean,294649.75,232921.75304383368,336949.7318835974
rail_lrt_kj,2026-09-05,5,weekday_mean,177937.75,156531.6323845438,201501.90978615865
rail_lrt_kj,2026-09-06,6,weekday_mean,171089.5,145817.6459514402,193990.46058040252
rail_lrt_kj,2026-09-07,7,weekday_mean,255892.0,201395.9204169776,299999.56751044985
rail_lrt_kj,2026-09-08,8,weekday_mean,266748.5,209473.58069627473,306319.21861211397
rail_lrt_kj,2026-09-09,9,weekday_mean,304317.75,266447.2834454008,348909.11559560616
rail_lrt_kj,2026-09-10,10,weekday_mean,298027.5,267786.5033874441,334503.3883850504
rail_lrt_kj,2026-09-11,11,weekday_mean,294649.75,267629.07746722165,343017.8325114434
rail_lrt_kj,2026-09-12,12,weekday_mean,177937.75,157965.94073290448,201496.5305834385
rail_lrt_kj,2026-09-13,13,weekday_mean,171089.5,146489.011832474,200351.88815279095
rail_lrt_kj,2026-09-14,14,weekday_mean,255892.0,206394.2606190658,300479.7978704592
rail_lrt_kj,2026-09-01,1,ets,265540.41754368186,234921.76198352248,299834.5731345629
rail_lrt_kj,2026-09-02,2,ets,276206.49032744695,241341.5877860086,304699.0644237828
rail_lrt_kj,2026-09-03,3,ets,272489.0495883262,216324.82256297802,308469.28983674775
rail_lrt_kj,2026-09-04,4,ets,263209.0634122933,192255.64791616664,298653.6537309585
rail_lrt_kj,2026-09-05,5,ets,160544.97368240543,137511.70869209146,180089.59258096825
rail_lrt_kj,2026-09-06,6,ets,140365.01220839878,120994.44365332785,160179.26700367147
rail_lrt_kj,2026-09-07,7,ets,250567.26280202775,204474.24757663842,292951.64689975325
rail_lrt_kj,2026-09-08,8,ets,265540.5743954353,210847.70787790298,309227.1632874791
rail_lrt_kj,2026-09-09,9,ets,276206.6491677156,236044.61140553272,314837.8322315548
rail_lrt_kj,2026-09-10,10,ets,272489.20214944397,240853.85023164863,311185.5411470531
rail_lrt_kj,2026-09-11,11,ets,263209.2068831718,235692.4499581489,306693.56985453155
rail_lrt_kj,2026-09-12,12,ets,160545.058880276,139789.7252768348,186370.70323076253
rail_lrt_kj,2026-09-13,13,ets,140365.08472865602,120179.3573230139,165023.28361601272
rail_lrt_kj,2026-09-14,14,ets,250567.38883712134,206506.93152333028,294995.40289152885
rail_lrt_kj,2026-09-01,1,lgbm_nohol,281269.07139475556,239137.01938600917,299921.3520646521
rail_lrt_kj,2026-09-02,2,lgbm_nohol,293280.87139088043,256859.89027022835,319315.0963145749
rail_lrt_kj,2026-09-03,3,lgbm_nohol,286205.6648093949,236038.71775342472,310556.57738470024
rail_lrt_kj,2026-09-04,4,lgbm_nohol,287230.97793485096,226496.66526857796,309968.28401557374
rail_lrt_kj,2026-09-05,5,lgbm_nohol,172848.12938615875,150765.45899530983,190763.8828682581
rail_lrt_kj,2026-09-06,6,lgbm_nohol,175515.65448675698,148932.7455297131,195586.6320492462
rail_lrt_kj,2026-09-07,7,lgbm_nohol,279474.8883125028,234872.34325363705,301041.4791744397
rail_lrt_kj,2026-09-08,8,lgbm_nohol,291404.4759174791,243801.44117323385,313323.85719288513
rail_lrt_kj,2026-09-09,9,lgbm_nohol,306850.8848406512,265263.85402253945,344881.5986989444
rail_lrt_kj,2026-09-10,10,lgbm_nohol,300080.7173348687,267737.53035649913,321857.73443428054
rail_lrt_kj,2026-09-11,11,lgbm_nohol,299258.1500197536,271704.38393840485,333366.47031145694
rail_lrt_kj,2026-09-12,12,lgbm_nohol,180639.96146424845,160398.88886901172,201415.50019511886
rail_lrt_kj,2026-09-13,13,lgbm_nohol,179785.7257609633,155930.08016833136,207424.32323720303
rail_lrt_kj,2026-09-14,14,lgbm_nohol,287908.0398264434,238093.03277469252,313326.88593081926
rail_lrt_kj,2026-09-01,1,lgbm,281655.7778272494,244341.12073129305,301196.1902432923
rail_lrt_kj,2026-09-02,2,lgbm,293882.7416718737,260762.89947843106,316408.96692504344
rail_lrt_kj,2026-09-03,3,lgbm,288323.2104610627,250627.94771729808,312955.13340676815
rail_lrt_kj,2026-09-04,4,lgbm,285417.84164683096,248506.97251052377,311752.13110512285
rail_lrt_kj,2026-09-05,5,lgbm,171009.32215963994,148914.645499138,187585.9616850003
rail_lrt_kj,2026-09-06,6,lgbm,170789.66783499176,145714.33064896747,187493.00156429267
rail_lrt_kj,2026-09-07,7,lgbm,289586.2281031,262700.42373673705,309011.2508312656
rail_lrt_kj,2026-09-08,8,lgbm,297032.20740585495,263965.2797257443,319611.0250711206
rail_lrt_kj,2026-09-09,9,lgbm,306047.3831949384,274676.4227142556,334730.0523622485
rail_lrt_kj,2026-09-10,10,lgbm,297803.8835578313,272138.74007107905,318058.6963291718
rail_lrt_kj,2026-09-11,11,lgbm,295443.70363261533,272237.73702422023,324338.596185255
rail_lrt_kj,2026-09-12,12,lgbm,179625.96773235052,161454.11708717333,198555.18850221782
rail_lrt_kj,2026-09-13,13,lgbm,174551.47078898372,154403.95530224827,196504.5204197509
rail_lrt_kj,2026-09-14,14,lgbm,290973.32003909466,257732.22862681194,318693.4977566649
rail_lrt_ampang,2026-09-01,1,seasonal_naive,125516.0,105287.3056120268,153157.01325887375
rail_lrt_ampang,2026-09-02,2,seasonal_naive,223518.0,181068.04266637962,260038.22076838888
rail_lrt_ampang,2026-09-03,3,seasonal_naive,221998.0,179828.04928533573,247857.66031909495
rail_lrt_ampang,2026-09-04,4,seasonal_naive,224662.0,168755.94195296353,251174.868449648
rail_lrt_ampang,2026-09-05,5,seasonal_naive,160705.0,135600.357267886,181670.00862691336
rail_lrt_ampang,2026-09-06,6,seasonal_naive,190993.0,159106.17030586806,221800.09942107744
rail_lrt_ampang,2026-09-07,7,seasonal_naive,148823.0,121257.95778894947,186059.9911029988
rail_lrt_ampang,2026-09-08,8,seasonal_naive,125516.0,94756.35994026359,151698.9957615544
rail_lrt_ampang,2026-09-09,9,seasonal_naive,223518.0,184334.7444717514,271610.4244241798
rail_lrt_ampang,2026-09-10,10,seasonal_naive,221998.0,193067.25349839753,256039.8520550261
rail_lrt_ampang,2026-09-11,11,seasonal_naive,224662.0,195431.15718440711,257529.91189901181
rail_lrt_ampang,2026-09-12,12,seasonal_naive,160705.0,139322.56249624075,185643.36167806812
rail_lrt_ampang,2026-09-13,13,seasonal_naive,190993.0,160484.76514467437,226031.47626506726
rail_lrt_ampang,2026-09-14,14,seasonal_naive,148823.0,126814.14163681063,187615.63028825802
rail_lrt_ampang,2026-09-01,1,weekday_mean,206049.25,156537.67434133973,237879.25122161402
rail_lrt_ampang,2026-09-02,2,weekday_mean,231924.25,192840.9677346985,265834.05769834656
rail_lrt_ampang,2026-09-03,3,weekday_mean,228415.5,189088.03515071294,256314.217460115
rail_lrt_ampang,2026-09-04,4,weekday_mean,230201.75,181975.31700669823,263249.5944550177
rail_lrt_ampang,2026-09-05,5,weekday_mean,162045.5,142551.22773961278,183505.073132821
rail_lrt_ampang,2026-09-06,6,weekday_mean,152531.25,130000.64333453105,172948.1348912717
rail_lrt_ampang,2026-09-07,7,weekday_mean,205260.25,161546.92679338364,240640.56302792294
rail_lrt_ampang,2026-09-08,8,weekday_mean,206049.25,161807.3247432988,236615.59206514255
rail_lrt_ampang,2026-09-09,9,weekday_mean,231924.25,203062.67829831535,265907.90566893993
rail_lrt_ampang,2026-09-10,10,weekday_mean,228415.5,205238.04347234627,256371.53359847757
rail_lrt_ampang,2026-09-11,11,weekday_mean,230201.75,209091.22126761076,267990.4391730674
rail_lrt_ampang,2026-09-12,12,weekday_mean,162045.5,143857.4336546964,183500.17436302753
rail_lrt_ampang,2026-09-13,13,weekday_mean,152531.25,130599.18590940993,178619.5360551496
rail_lrt_ampang,2026-09-14,14,weekday_mean,205260.25,165556.28053813585,241025.77358070662
rail_lrt_ampang,2026-09-01,1,ets,203581.83158198238,180107.40467023614,229874.1567736114
rail_lrt_ampang,2026-09-02,2,ets,209156.99357929343,182755.56234634685,230732.98206111908
rail_lrt_ampang,2026-09-03,3,ets,207690.06407611637,164881.86578949948,235114.09073029595
rail_lrt_ampang,2026-09-04,4,ets,207206.4656234675,151349.64460499497,235109.59225464208
rail_lrt_ampang,2026-09-05,5,ets,152702.13702431042,130794.07082209564,171291.98110012134
rail_lrt_ampang,2026-09-06,6,ets,132060.12811262778,113835.63704588935,150702.05431545957
rail_lrt_ampang,2026-09-07,7,ets,197243.23932049735,160959.38746930254,230607.7025886523
rail_lrt_ampang,2026-09-08,8,ets,203588.35972022827,161655.62018247656,237082.64279488992
rail_lrt_ampang,2026-09-09,9,ets,209163.61267175825,178749.98329564105,238417.9670205522
rail_lrt_ampang,2026-09-10,10,ets,207696.55068305266,183583.44475670106,237191.68396419956
rail_lrt_ampang,2026-09-11,11,ets,207212.85238881933,185550.11645163916,241446.18428224622
rail_lrt_ampang,2026-09-12,12,ets,152706.78216971317,132964.77800667347,177271.55130433003
rail_lrt_ampang,2026-09-13,13,ets,132064.09273794593,113072.11211126974,155264.05111182696
rail_lrt_ampang,2026-09-14,14,ets,197249.0832809696,162564.2257262031,232223.28538567532
rail_lrt_ampang,2026-09-01,1,lgbm_nohol,222175.1000190158,188894.86172461134,236908.59425517128
rail_lrt_ampang,2026-09-02,2,lgbm_nohol,225094.50417339097,197141.1940387992,245075.9198577996
rail_lrt_ampang,2026-09-03,3,lgbm_nohol,223065.0695173016,183965.54782408595,242043.88107275663
rail_lrt_ampang,2026-09-04,4,lgbm_nohol,225325.05474815363,177680.5579225387,243161.88305538523
rail_lrt_ampang,2026-09-05,5,lgbm_nohol,158990.79505569988,138678.49485764306,175470.24054674833
rail_lrt_ampang,2026-09-06,6,lgbm_nohol,153163.71921317253,129966.12694945856,170678.67043920845
rail_lrt_ampang,2026-09-07,7,lgbm_nohol,224466.02096528793,188642.53552156806,241787.68843501646
rail_lrt_ampang,2026-09-08,8,lgbm_nohol,226085.40421189534,189152.67698357088,243091.5159862309
rail_lrt_ampang,2026-09-09,9,lgbm_nohol,230986.8447209222,199681.51765080605,259615.09522649474
rail_lrt_ampang,2026-09-10,10,lgbm_nohol,228745.05556607156,204090.51642438193,245345.22303954174
rail_lrt_ampang,2026-09-11,11,lgbm_nohol,229732.221885462,208579.93479071892,255916.26442249742
rail_lrt_ampang,2026-09-12,12,lgbm_nohol,162824.70023827284,144579.85260140162,181551.3036302219
rail_lrt_ampang,2026-09-13,13,lgbm_nohol,156321.9657469281,135579.6931844586,180353.48146803738
rail_lrt_ampang,2026-09-14,14,lgbm_nohol,228173.38838087628,188693.87508364103,248318.3955217075
rail_lrt_ampang,2026-09-01,1,lgbm,206619.16493427992,179245.56269715785,220953.78619719503
rail_lrt_ampang,2026-09-02,2,lgbm,221693.28223193932,196708.98197449814,238686.17646449016
rail_lrt_ampang,2026-09-03,3,lgbm,221689.00281839957,192705.4398684057,240628.27627907722
rail_lrt_ampang,2026-09-04,4,lgbm,224412.76702855874,195391.18198048265,245118.39762132923
rail_lrt_ampang,2026-09-05,5,lgbm,153206.07534857257,133411.5930671587,168056.98275998142
rail_lrt_ampang,2026-09-06,6,lgbm,146918.17436586716,125347.6290719303,161286.87513725468
rail_lrt_ampang,2026-09-07,7,lgbm,229492.5474777255,208185.94959616408,244886.5874874425
rail_lrt_ampang,2026-09-08,8,lgbm,214583.9291056422,190695.47436366882,230895.48575045232
rail_lrt_ampang,2026-09-09,9,lgbm,230229.41272087258,206630.0422438282,251806.46760150514
rail_lrt_ampang,2026-09-10,10,lgbm,227349.34046301103,207756.0448795555,242812.27889627073
rail_lrt_ampang,2026-09-11,11,lgbm,230682.4193802241,212563.18535291657,253243.57053545248
rail_lrt_ampang,2026-09-12,12,lgbm,159857.73490460482,143685.72525769097,176703.76489220548
rail_lrt_ampang,2026-09-13,13,lgbm,150727.1591802324,133329.5370919032,169683.88173065675
rail_lrt_ampang,2026-09-14,14,lgbm,227161.10967044256,201209.96576211546,248802.1055147384
rail_mrt_kajang,2026-09-01,1,seasonal_naive,184354.0,154642.79790072422,224952.1580131749
rail_mrt_kajang,2026-09-02,2,seasonal_naive,298101.0,241486.49661967473,346807.1540696685
rail_mrt_kajang,2026-09-03,3,seasonal_naive,293121.0,237440.83795700068,327265.45719149086
rail_mrt_kajang,2026-09-04,4,seasonal_naive,297190.0,223235.77835666385,332262.0229295403
rail_mrt_kajang,2026-09-05,5,seasonal_naive,223182.0,188317.530229852,252297.48741416252
rail_mrt_kajang,2026-09-06,6,seasonal_naive,274653.0,228798.96624599642,318954.35545826855
rail_mrt_kajang,2026-09-07,7,seasonal_naive,214462.0,174739.36354547273,268122.4097653764
rail_mrt_kajang,2026-09-08,8,seasonal_naive,184354.0,139175.31150989345,222810.67267080446
rail_mrt_kajang,2026-09-09,9,seasonal_naive,298101.0,245843.21950043624,362240.7281917725
rail_mrt_kajang,2026-09-10,10,seasonal_naive,293121.0,254921.55641672845,338069.0211986242
rail_mrt_kajang,2026-09-11,11,seasonal_naive,297190.0,258522.55851115278,340668.66629208723
rail_mrt_kajang,2026-09-12,12,seasonal_naive,223182.0,193486.8016290524,257815.5443256398
rail_mrt_kajang,2026-09-13,13,seasonal_naive,274653.0,230781.41902910746,325039.17789095844
rail_mrt_kajang,2026-09-14,14,seasonal_naive,214462.0,182746.10880540288,270364.16544045735
rail_mrt_kajang,2026-09-01,1,weekday_mean,279771.0,212544.91051369865,322989.30767870124
rail_mrt_kajang,2026-09-02,2,weekday_mean,311382.75,258909.38198992764,356910.1907719301
rail_mrt_kajang,2026-09-03,3,weekday_mean,305668.75,253040.25622387,343003.1544381818
rail_mrt_kajang,2026-09-04,4,weekday_mean,306365.0,242182.71125485736,350346.8200013074
rail_mrt_kajang,2026-09-05,5,weekday_mean,226289.75,199066.86341801728,256257.09208332756
rail_mrt_kajang,2026-09-06,6,weekday_mean,212603.25,181199.38142691436,241060.94664870962
rail_mrt_kajang,2026-09-07,7,weekday_mean,274855.25,216320.67471309827,322231.46037911944
rail_mrt_kajang,2026-09-08,8,weekday_mean,279771.0,219699.96435254088,321273.5298549697
rail_mrt_kajang,2026-09-09,9,weekday_mean,311382.75,272633.0906706923,357009.33934679744
rail_mrt_kajang,2026-09-10,10,weekday_mean,305668.75,274652.39460341603,343079.85559455294
rail_mrt_kajang,2026-09-11,11,weekday_mean,306365.0,278269.9913798721,356656.18699579383
rail_mrt_kajang,2026-09-12,12,weekday_mean,226289.75,200890.92204426817,256250.25116858614
rail_mrt_kajang,2026-09-13,13,weekday_mean,212603.25,182033.648902974,248965.92406099706
rail_mrt_kajang,2026-09-14,14,weekday_mean,274855.25,221689.4227607987,322747.27877152694
rail_mrt_kajang,2026-09-01,1,ets,286940.845009986,253854.5807299058,323998.8240225752
rail_mrt_kajang,2026-09-02,2,ets,296937.03997847374,259455.3778685072,327568.1032276179
rail_mrt_kajang,2026-09-03,3,ets,295406.2514656807,234518.45038333468,334412.5340617569
rail_mrt_kajang,2026-09-04,4,ets,291316.69634023507,212786.319188866,330546.33773575735
rail_mrt_kajang,2026-09-05,5,ets,215202.67110312573,184327.75677352457,241401.23367563076
rail_mrt_kajang,2026-09-06,6,ets,187738.02442924803,161829.96031918644,214239.5172516997
rail_mrt_kajang,2026-09-07,7,ets,275108.516827683,224501.04161919354,321644.12871950894
rail_mrt_kajang,2026-09-08,8,ets,286940.854680864,227840.2313902031,334148.1926274864
rail_mrt_kajang,2026-09-09,9,ets,296937.04963862844,253760.7031523869,338467.6451481101
rail_mrt_kajang,2026-09-10,10,ets,295406.26074221183,261110.3022859644,337357.0516839223
rail_mrt_kajang,2026-09-11,11,ets,291316.705170577,260861.50901364273,339444.6443627058
rail_mrt_kajang,2026-09-12,12,ets,215202.6773997323,187381.22760351104,249820.61616574664
rail_mrt_kajang,2026-09-13,13,ets,187738.02973146684,160739.7068468116,220718.26383136975
rail_mrt_kajang,2026-09-14,14,ets,275108.5243275733,226732.7036204697,323887.90096822334
rail_mrt_kajang,2026-09-01,1,lgbm_nohol,311545.8699185936,264878.5908103583,332205.94096964283
rail_mrt_kajang,2026-09-02,2,lgbm_nohol,304765.9620588237,266918.7138852427,331819.7025505968
rail_mrt_kajang,2026-09-03,3,lgbm_nohol,300727.7786259629,248015.3628421358,326314.25545408315
rail_mrt_kajang,2026-09-04,4,lgbm_nohol,303385.61497928284,239235.45431335142,327401.72340556316
rail_mrt_kajang,2026-09-05,5,lgbm_nohol,222276.64209378863,193879.1377323621,245315.64410945927
rail_mrt_kajang,2026-09-06,6,lgbm_nohol,210314.04707537015,178460.74081762816,234364.34932872196
rail_mrt_kajang,2026-09-07,7,lgbm_nohol,293073.7481762553,246300.91299510177,315689.73563781014
rail_mrt_kajang,2026-09-08,8,lgbm_nohol,316803.2402333966,265051.1473550005,340633.1044783211
rail_mrt_kajang,2026-09-09,9,lgbm_nohol,311669.4296818724,269429.3509839525,350297.34599882085
rail_mrt_kajang,2026-09-10,10,lgbm_nohol,307223.68619529804,274110.6210001369,329519.0706127713
rail_mrt_kajang,2026-09-11,11,lgbm_nohol,308433.49496557435,280034.9249464474,343587.5831282961
rail_mrt_kajang,2026-09-12,12,lgbm_nohol,226728.0708861112,201322.7611155217,252804.2086315413
rail_mrt_kajang,2026-09-13,13,lgbm_nohol,214195.24091747517,185773.84557266504,247123.6101203987
rail_mrt_kajang,2026-09-14,14,lgbm_nohol,297233.4492700664,245804.92797272396,323475.6149466607
rail_mrt_kajang,2026-09-01,1,lgbm,304279.56302892824,263967.6452473761,325389.5385730559
rail_mrt_kajang,2026-09-02,2,lgbm,305036.8849878705,270660.0033123277,328418.0767097972
rail_mrt_kajang,2026-09-03,3,lgbm,300303.17946325993,261041.66573253227,325958.56718454626
rail_mrt_kajang,2026-09-04,4,lgbm,299875.17227828957,261094.65558851635,327543.37342736655
rail_mrt_kajang,2026-09-05,5,lgbm,218631.2647660064,190383.7932885319,239824.0687784801
rail_mrt_kajang,2026-09-06,6,lgbm,202541.18446762153,172804.11724784577,222349.81771620686
rail_mrt_kajang,2026-09-07,7,lgbm,296509.46317121136,268980.89308329765,316398.8848282642
rail_mrt_kajang,2026-09-08,8,lgbm,316783.4489972545,281517.73390546284,340863.64654677483
rail_mrt_kajang,2026-09-09,9,lgbm,313427.3321846918,281299.902789878,342801.645702921
rail_mrt_kajang,2026-09-10,10,lgbm,308176.61896800617,281617.54204580525,329136.91988027224
rail_mrt_kajang,2026-09-11,11,lgbm,309355.3662335425,285056.69573228696,339610.83824873436
rail_mrt_kajang,2026-09-12,12,lgbm,223378.10751176425,200780.09881517975,246917.96065768242
rail_mrt_kajang,2026-09-13,13,lgbm,207163.77576045637,183252.02298449227,233218.39752237915
rail_mrt_kajang,2026-09-14,14,lgbm,291388.9648487382,258100.38990900698,319148.7396963547
rail_mrt_pjy,2026-09-01,1,seasonal_naive,109851.0,92146.92377201798,134042.30945221617
rail_mrt_pjy,2026-09-02,2,seasonal_naive,195618.0,158466.71441065197,227579.70825071458
rail_mrt_pjy,2026-09-03,3,seasonal_naive,190601.0,154395.0849007588,212803.365668945
rail_mrt_pjy,2026-09-04,4,seasonal_naive,190485.0,143083.68615149017,212964.5816823406
rail_mrt_pjy,2026-09-05,5,seasonal_naive,132258.0,111597.19739706887,149511.93623129788
rail_mrt_pjy,2026-09-06,6,seasonal_naive,164920.0,137386.1097207977,191521.5562982265
rail_mrt_pjy,2026-09-07,7,seasonal_naive,149695.0,121968.4467637919,187150.17268823905
rail_mrt_pjy,2026-09-08,8,seasonal_naive,109851.0,82930.2802581152,132766.2580957025
rail_mrt_pjy,2026-09-09,9,seasonal_naive,195618.0,161325.66125841445,237707.45088978397
rail_mrt_pjy,2026-09-10,10,seasonal_naive,190601.0,165761.8874603109,219828.36176916145
rail_mrt_pjy,2026-09-11,11,seasonal_naive,190485.0,165700.91750946527,218352.86015496633
rail_mrt_pjy,2026-09-12,12,seasonal_naive,132258.0,114660.52509670032,152781.9554041519
rail_mrt_pjy,2026-09-13,13,seasonal_naive,164920.0,138576.5096255632,195175.29882672292
rail_mrt_pjy,2026-09-14,14,seasonal_naive,149695.0,127557.18579304406,188714.92678352317
rail_mrt_pjy,2026-09-01,1,weekday_mean,176136.75,133812.8142830029,203345.96133399426
rail_mrt_pjy,2026-09-02,2,weekday_mean,196697.5,163550.51407819396,225456.8020145642
rail_mrt_pjy,2026-09-03,3,weekday_mean,193478.75,160166.49774513283,217110.3041105991
rail_mrt_pjy,2026-09-04,4,weekday_mean,192571.25,152228.23623932846,220216.87006471588
rail_mrt_pjy,2026-09-05,5,weekday_mean,125338.5,110260.09757859117,141937.02058934464
rail_mrt_pjy,2026-09-06,6,weekday_mean,118535.25,101026.207654203,134401.67150557018
rail_mrt_pjy,2026-09-07,7,weekday_mean,180352.75,141943.83567605776,211439.82625408962
rail_mrt_pjy,2026-09-08,8,weekday_mean,176136.75,138317.46479950394,202265.7487131031
rail_mrt_pjy,2026-09-09,9,weekday_mean,196697.5,172219.66560566926,225519.43333669822
rail_mrt_pjy,2026-09-10,10,weekday_mean,193478.75,173846.33073691584,217158.8536336036
rail_mrt_pjy,2026-09-11,11,weekday_mean,192571.25,174911.5912136221,224182.7442093794
rail_mrt_pjy,2026-09-12,12,weekday_mean,125338.5,111270.4199014655,141933.23149574167
rail_mrt_pjy,2026-09-13,13,weekday_mean,118535.25,101491.34858204932,138809.04520006245
rail_mrt_pjy,2026-09-14,14,weekday_mean,180352.75,145466.6729526631,211778.29329418662
rail_mrt_pjy,2026-09-01,1,ets,198263.77630258384,175402.55581398628,223869.2850386873
rail_mrt_pjy,2026-09-02,2,ets,204594.12322387085,178768.6504128426,225699.42236436208
rail_mrt_pjy,2026-09-03,3,ets,203013.99949491167,161169.6072376186,229820.58735709477
rail_mrt_pjy,2026-09-04,4,ets,195709.11104561936,142951.62660224774,222063.97231992602
rail_mrt_pjy,2026-09-05,5,ets,123525.0179754985,105802.94472776711,138562.88463769262
rail_mrt_pjy,2026-09-06,6,ets,107219.21436001112,92422.77980955572,122354.56381610899
rail_mrt_pjy,2026-09-07,7,ets,190107.71829961735,155136.47354150985,222265.18647468134
rail_mrt_pjy,2026-09-08,8,ets,198263.77630258384,157427.7265422642,230882.0651480269
rail_mrt_pjy,2026-09-09,9,ets,204594.12322387085,174844.92152856896,233209.375853717
rail_mrt_pjy,2026-09-10,10,ets,203013.99949491167,179444.5246919598,231844.16358920105
rail_mrt_pjy,2026-09-11,11,ets,195709.11104561936,175249.0095275887,228041.93584997894
rail_mrt_pjy,2026-09-12,12,ets,123525.0179754985,107555.62122002868,143395.57120188457
rail_mrt_pjy,2026-09-13,13,ets,107219.21436001112,91800.11918734475,126054.65723458483
rail_mrt_pjy,2026-09-14,14,ets,190107.71829961735,156678.61295039984,223815.69258830987
rail_mrt_pjy,2026-09-01,1,lgbm_nohol,196552.42632997214,167110.26371534672,209586.76608875536
rail_mrt_pjy,2026-09-02,2,lgbm_nohol,193709.9442993212,169654.1013256984,210905.39613598931
rail_mrt_pjy,2026-09-03,3,lgbm_nohol,190857.50025193172,157403.39364090274,207096.04122715263
rail_mrt_pjy,2026-09-04,4,lgbm_nohol,191344.85302984453,150885.36467877662,206491.80588271728
rail_mrt_pjy,2026-09-05,5,lgbm_nohol,126692.00879549,110506.10167526726,139823.6960741371
rail_mrt_pjy,2026-09-06,6,lgbm_nohol,121623.91276790621,103203.18800835585,135532.170661396
rail_mrt_pjy,2026-09-07,7,lgbm_nohol,193601.88575182756,162704.1167621225,208541.8301309691
rail_mrt_pjy,2026-09-08,8,lgbm_nohol,200298.62472268404,167578.3405038888,215365.0672107468
rail_mrt_pjy,2026-09-09,9,lgbm_nohol,198730.708889472,171796.99229713515,223361.1873995518
rail_mrt_pjy,2026-09-10,10,lgbm_nohol,195767.13109361404,174666.99435552364,209974.08104114473
rail_mrt_pjy,2026-09-11,11,lgbm_nohol,194547.07113510842,176634.3956387016,216720.8557026692
rail_mrt_pjy,2026-09-12,12,lgbm_nohol,129144.65021608579,114673.6993298982,143997.70699921608
rail_mrt_pjy,2026-09-13,13,lgbm_nohol,123420.39396074004,107043.78428383525,142393.95395633546
rail_mrt_pjy,2026-09-14,14,lgbm_nohol,194732.07352654243,161038.6909332708,211924.62166739677
rail_mrt_pjy,2026-09-01,1,lgbm,191575.23331667276,166194.69211652075,204866.1565353424
rail_mrt_pjy,2026-09-02,2,lgbm,191789.2849974522,170175.07817806577,206490.03413261846
rail_mrt_pjy,2026-09-03,3,lgbm,191505.39876025493,166468.01460567364,207866.0465543783
rail_mrt_pjy,2026-09-04,4,lgbm,189932.20975762772,165369.71132706755,207456.47723289434
rail_mrt_pjy,2026-09-05,5,lgbm,121943.31657390676,106188.0088751634,133763.81344499654
rail_mrt_pjy,2026-09-06,6,lgbm,117638.6811337346,100366.92554967215,129143.84636725756
rail_mrt_pjy,2026-09-07,7,lgbm,197878.39436997328,179506.91189813107,211151.81032222617
rail_mrt_pjy,2026-09-08,8,lgbm,201935.8541359411,179455.4338153322,217285.9742428921
rail_mrt_pjy,2026-09-09,9,lgbm,198972.92913689555,178577.45047931388,217620.64530116692
rail_mrt_pjy,2026-09-10,10,lgbm,196172.00395166114,179265.6045854168,209514.456292812
rail_mrt_pjy,2026-09-11,11,lgbm,195537.86356036155,180179.08987908464,214661.82951057795
rail_mrt_pjy,2026-09-12,12,lgbm,127070.24600798269,114215.16231479087,140461.10652048257
rail_mrt_pjy,2026-09-13,13,lgbm,119707.85771954623,105890.60234697901,134763.35640645167
rail_mrt_pjy,2026-09-14,14,lgbm,195561.02148143432,173219.89174888012,214191.57963359117
rail_monorail,2026-09-01,1,seasonal_naive,41045.0,34429.90411777892,50084.03877740655
rail_monorail,2026-09-02,2,seasonal_naive,56782.0,45997.96854283097,66059.63499251261
rail_monorail,2026-09-03,3,seasonal_naive,57290.0,46407.25437324567,63963.56969779712
rail_monorail,2026-09-04,4,seasonal_naive,61090.0,45887.86617221573,68299.45436701839
rail_monorail,2026-09-05,5,seasonal_naive,58900.0,49698.796799346375,66583.96931747311
rail_monorail,2026-09-06,6,seasonal_naive,72684.0,60549.094106003446,84408.00191325914
rail_monorail,2026-09-07,7,seasonal_naive,56419.0,45968.94032180647,70535.74889823676
rail_monorail,2026-09-08,8,seasonal_naive,41045.0,30986.122032139574,49607.24450894116
rail_monorail,2026-09-09,9,seasonal_naive,56782.0,46827.8448782406,68999.44968471673
rail_monorail,2026-09-10,10,seasonal_naive,57290.0,49823.8789912418,66075.13752802712
rail_monorail,2026-09-11,11,seasonal_naive,61090.0,53141.466336480065,70027.53580172319
rail_monorail,2026-09-12,12,seasonal_naive,58900.0,51063.037152259916,68040.25886525642
rail_monorail,2026-09-13,13,seasonal_naive,72684.0,61073.73449187231,86018.3018488875
rail_monorail,2026-09-14,14,seasonal_naive,56419.0,48075.32029208227,71125.50030145347
rail_monorail,2026-09-01,1,weekday_mean,58002.5,44064.906239657044,66962.70012525043
rail_monorail,2026-09-02,2,weekday_mean,61477.0,51116.92912756939,70465.70285869682
rail_monorail,2026-09-03,3,weekday_mean,61673.25,51054.52543771513,69206.12295495071
rail_monorail,2026-09-04,4,weekday_mean,64665.5,51118.16127723772,73949.00522941368
rail_monorail,2026-09-05,5,weekday_mean,58397.75,51372.3521532937,66131.40821841474
rail_monorail,2026-09-06,6,weekday_mean,55600.5,47387.577640891825,63042.92234204266
rail_monorail,2026-09-07,7,weekday_mean,59546.75,46865.20371702263,69810.83070256076
rail_monorail,2026-09-08,8,weekday_mean,58002.5,45548.32189719706,66606.97789786951
rail_monorail,2026-09-09,9,weekday_mean,61477.0,53826.46731726635,70485.27824143821
rail_monorail,2026-09-10,10,weekday_mean,61673.25,55415.154598614165,69221.59876272471
rail_monorail,2026-09-11,11,weekday_mean,64665.5,58735.31886066504,75280.7609749891
rail_monorail,2026-09-12,12,weekday_mean,58397.75,51843.0861258479,66129.64278668696
rail_monorail,2026-09-13,13,weekday_mean,55600.5,47605.760123462744,65110.27801150505
rail_monorail,2026-09-14,14,weekday_mean,59546.75,48028.34578331166,69922.58302646274
rail_monorail,2026-09-01,1,ets,62043.25672730195,54889.14968143272,70056.15133865441
rail_monorail,2026-09-02,2,ets,63778.699324372494,55727.96544155744,70357.98436362809
rail_monorail,2026-09-03,3,ets,64005.673967797244,50812.95234990365,72457.26884380476
rail_monorail,2026-09-04,4,ets,66955.78121278425,48906.272557667835,75972.36533717679
rail_monorail,2026-09-05,5,ets,58474.7632638939,50085.34234056032,65593.51237719314
rail_monorail,2026-09-06,6,ets,52281.01882362205,45066.07829858316,59661.218815657616
rail_monorail,2026-09-07,7,ets,61579.17284380196,50251.25839553809,71995.64646032779
rail_monorail,2026-09-08,8,ets,62043.276558048594,49264.18784588744,72250.72828859891
rail_monorail,2026-09-09,9,ets,63778.71911884007,54504.81415845684,72699.13103525325
rail_monorail,2026-09-10,10,ets,64005.693256831975,56574.69481981757,73095.28503240697
rail_monorail,2026-09-11,11,ets,66955.8008059078,59955.94303416447,78017.58242951124
rail_monorail,2026-09-12,12,ets,58474.77987922054,50915.0532339237,67881.26861404692
rail_monorail,2026-09-13,13,ets,52281.033248402506,44762.4729536911,61465.45109810346
rail_monorail,2026-09-14,14,ets,61579.1893414351,50750.803061563274,72497.90710240846
rail_monorail,2026-09-01,1,lgbm_nohol,61699.29630242402,52457.075543286184,65790.91983827259
rail_monorail,2026-09-02,2,lgbm_nohol,61593.53809275502,53944.46828024811,67061.19980390336
rail_monorail,2026-09-03,3,lgbm_nohol,61701.241605176394,50885.93410734779,66950.96523417937
rail_monorail,2026-09-04,4,lgbm_nohol,64024.00298485621,50486.114280057125,69092.22728269556
rail_monorail,2026-09-05,5,lgbm_nohol,58146.273898472886,50717.557953032825,64173.2190645882
rail_monorail,2026-09-06,6,lgbm_nohol,56119.71197036766,47619.93865099114,62537.322618439575
rail_monorail,2026-09-07,7,lgbm_nohol,60651.10086946575,50971.41766573875,65331.50121550939
rail_monorail,2026-09-08,8,lgbm_nohol,62043.319416975166,51907.96460392526,66710.26360871327
rail_monorail,2026-09-09,9,lgbm_nohol,62014.99100415718,53610.08604343015,69701.15010903726
rail_monorail,2026-09-10,10,lgbm_nohol,62093.014654381295,55400.44323070093,66599.19527381108
rail_monorail,2026-09-11,11,lgbm_nohol,64127.22861706524,58222.73343150705,71436.2989036916
rail_monorail,2026-09-12,12,lgbm_nohol,58393.503430654666,51850.31757999359,65109.462302107066
rail_monorail,2026-09-13,13,lgbm_nohol,56422.43842350277,48935.69242236373,65096.408630213075
rail_monorail,2026-09-14,14,lgbm_nohol,60773.89783221355,50258.417089037895,66139.5778259277
rail_monorail,2026-09-01,1,lgbm,61199.43660601716,53091.436068295305,65445.31977115422
rail_monorail,2026-09-02,2,lgbm,60619.18976626918,53787.47084444787,65265.734831322574
rail_monorail,2026-09-03,3,lgbm,61137.78894069015,53144.555527271616,66360.95745564983
rail_monorail,2026-09-04,4,lgbm,63569.41660252052,55348.37795413451,69434.7678250808
rail_monorail,2026-09-05,5,lgbm,58011.485415613315,50516.223776766055,63634.842219813334
rail_monorail,2026-09-06,6,lgbm,52439.39755352494,44740.144031697615,57568.07040396438
rail_monorail,2026-09-07,7,lgbm,60322.79185030406,54722.221421324175,64369.21004152381
rail_monorail,2026-09-08,8,lgbm,62408.02674542618,55460.403642944664,67152.01496094678
rail_monorail,2026-09-09,9,lgbm,62201.871457492736,55825.873643333165,68031.48690798692
rail_monorail,2026-09-10,10,lgbm,62567.05370143136,57174.87189181971,66822.5386956644
rail_monorail,2026-09-11,11,lgbm,64814.93272456768,59723.90773070398,71154.01881664529
rail_monorail,2026-09-12,12,lgbm,58882.08548518746,52925.21470753017,65087.22794698577
rail_monorail,2026-09-13,13,lgbm,54460.10571016802,48173.99606210226,61309.549612037044
rail_monorail,2026-09-14,14,lgbm,62284.01721322539,55168.53722680511,68217.70835841152
rail_komuter,2026-09-01,1,seasonal_naive,8967.0,7521.690350539425,10941.908633137986
rail_komuter,2026-09-02,2,seasonal_naive,21967.0,17794.91323017295,25556.297598145877
rail_komuter,2026-09-03,3,seasonal_naive,22452.0,18186.927169057733,25067.44850717636
rail_komuter,2026-09-04,4,seasonal_naive,24317.0,18265.60960822283,27186.80915842189
rail_komuter,2026-09-05,5,seasonal_naive,13374.0,11284.628125010739,15118.844563270615
rail_komuter,2026-09-06,6,seasonal_naive,12423.0,10348.788390630612,14426.976057925714
rail_komuter,2026-09-07,7,seasonal_naive,12498.0,10182.946899720997,15625.352791192143
rail_komuter,2026-09-08,8,seasonal_naive,8967.0,6769.270194031759,10837.735485947089
rail_komuter,2026-09-09,9,seasonal_naive,21967.0,18115.972760952918,26693.64238722606
rail_komuter,2026-09-10,10,seasonal_naive,22452.0,19525.941543878685,25894.996158502996
rail_komuter,2026-09-11,11,seasonal_naive,24317.0,21152.991526911013,27874.692550888067
rail_komuter,2026-09-12,12,seasonal_naive,13374.0,11594.414286879275,15449.532882681184
rail_komuter,2026-09-13,13,seasonal_naive,12423.0,10438.464832180242,14702.223583553377
rail_komuter,2026-09-14,14,seasonal_naive,12498.0,10649.583610966607,15756.003319175228
rail_komuter,2026-09-01,1,weekday_mean,20177.0,15328.451776251435,23294.034629415528
rail_komuter,2026-09-02,2,weekday_mean,23234.0,19318.51402581533,26631.19104267902
rail_komuter,2026-09-03,3,weekday_mean,22901.0,18957.86279240608,25698.242875499567
rail_komuter,2026-09-04,4,weekday_mean,23360.75,18466.569235516246,26714.556504036194
rail_komuter,2026-09-05,5,weekday_mean,12594.25,11079.035338235375,14262.21992530641
rail_komuter,2026-09-06,6,weekday_mean,11775.75,10036.201005950788,13352.10220842335
rail_komuter,2026-09-07,7,weekday_mean,20150.75,15859.146197875005,23624.251321172163
rail_komuter,2026-09-08,8,weekday_mean,20177.0,15844.49582769389,23170.28756063361
rail_komuter,2026-09-09,9,weekday_mean,23234.0,20342.55709549247,26638.58936432247
rail_komuter,2026-09-10,10,weekday_mean,22901.0,20577.130623679415,25703.98963285195
rail_komuter,2026-09-11,11,weekday_mean,23360.75,21218.38248000344,27195.673385098202
rail_komuter,2026-09-12,12,weekday_mean,12594.25,11180.561690559904,14261.839162807735
rail_komuter,2026-09-13,13,weekday_mean,11775.75,10082.413438198428,13789.981238311775
rail_komuter,2026-09-14,14,weekday_mean,20150.75,16252.768931468465,23662.069792788498
rail_komuter,2026-09-01,1,ets,18469.315471735532,16339.567755737438,20854.720650557236
rail_komuter,2026-09-02,2,ets,19429.48054971793,16976.825084451168,21433.859236675053
rail_komuter,2026-09-03,3,ets,19892.862602998484,15792.443459863069,22519.695975469782
rail_komuter,2026-09-04,4,ets,20235.19130192816,14780.130538329135,22960.25242234382
rail_komuter,2026-09-05,5,ets,11150.971684879123,9551.016774203905,12508.59549536284
rail_komuter,2026-09-06,6,ets,10673.925641080914,9200.781425486608,12180.812481029985
rail_komuter,2026-09-07,7,ets,19790.25122366379,16149.572896007452,23138.00159020206
rail_komuter,2026-09-08,8,ets,18469.315895095315,14665.035815461697,21508.030638925207
rail_komuter,2026-09-09,9,ets,19429.480978542928,16604.187351993973,22147.083007170182
rail_komuter,2026-09-10,10,ets,19892.86302574206,17583.24105453222,22717.990907565567
rail_komuter,2026-09-11,11,ets,20235.191715973542,18119.641657598484,23578.36718076847
rail_komuter,2026-09-12,12,ets,11150.971904580176,9709.24920624615,12944.892367175158
rail_komuter,2026-09-13,13,ets,10673.925843572335,9138.789036341832,12549.196818519269
rail_komuter,2026-09-14,14,ets,19790.251585137183,16310.117480031546,23299.417316934097
rail_komuter,2026-09-01,1,lgbm_nohol,16373.841905323778,13921.01893923637,17459.731156280097
rail_komuter,2026-09-02,2,lgbm_nohol,21896.264511749338,19176.96974731629,23840.05430962854
rail_komuter,2026-09-03,3,lgbm_nohol,21723.008780800857,17915.17572745229,23571.32156890013
rail_komuter,2026-09-04,4,lgbm_nohol,22253.742233003046,17548.045872853727,24015.429387537595
rail_komuter,2026-09-05,5,lgbm_nohol,12401.19959362404,10816.732916122503,13686.683364032628
rail_komuter,2026-09-06,6,lgbm_nohol,11558.314675274354,9807.596428523453,12880.164992918653
rail_komuter,2026-09-07,7,lgbm_nohol,20776.24984883902,17460.33509076185,22379.588331567455
rail_komuter,2026-09-08,8,lgbm_nohol,16799.176253195055,14054.75502578902,18062.877519028807
rail_komuter,2026-09-09,9,lgbm_nohol,22668.89770467262,19596.491175453335,25478.567240353983
rail_komuter,2026-09-10,10,lgbm_nohol,22683.096712228024,20238.17608222416,24329.288177586925
rail_komuter,2026-09-11,11,lgbm_nohol,23281.960723430657,21138.222584054492,25935.656296787405
rail_komuter,2026-09-12,12,lgbm_nohol,12866.871709334782,11425.008671718106,14346.807184180372
rail_komuter,2026-09-13,13,lgbm_nohol,11970.704174639002,10382.195730974858,13811.113200316411
rail_komuter,2026-09-14,14,lgbm_nohol,21262.72186076935,17583.599957965496,23140.04837302812
rail_komuter,2026-09-01,1,lgbm,17806.326607710802,15447.163475588433,19041.7398245561
rail_komuter,2026-09-02,2,lgbm,22603.66444814052,20056.18456681373,24336.31478202547
rail_komuter,2026-09-03,3,lgbm,22255.851791666333,19346.009864780375,24157.284409723732
rail_komuter,2026-09-04,4,lgbm,22310.644656741748,19425.2633294648,24369.23793422488
rail_komuter,2026-09-05,5,lgbm,12026.163556224179,10472.24396492794,13191.999350615384
rail_komuter,2026-09-06,6,lgbm,11256.164835199448,9603.397692945506,12357.115978910375
rail_komuter,2026-09-07,7,lgbm,21073.148827622867,19116.586563884623,22486.76717893902
rail_komuter,2026-09-08,8,lgbm,16332.356954179746,14514.062165209129,17573.92819717624
rail_komuter,2026-09-09,9,lgbm,22646.221878080763,20324.807547713288,24768.705800088297
rail_komuter,2026-09-10,10,lgbm,22924.64186003455,20948.88551636996,24483.899646509475
rail_komuter,2026-09-11,11,lgbm,23442.22630315677,21600.857275060753,25735.00561782427
rail_komuter,2026-09-12,12,lgbm,12616.961935565996,11340.473651906452,13946.651960173
rail_komuter,2026-09-13,13,lgbm,11545.423730577202,10212.691229703914,12997.590016562692
rail_komuter,2026-09-14,14,lgbm,21886.6414803697,19386.183394754153,23971.805942899562
rail_komuter_utara,2026-09-01,1,seasonal_naive,15245.0,12787.909130723021,18602.432763249522
rail_komuter_utara,2026-09-02,2,seasonal_naive,15747.0,12756.194171010726,18320.027065531736
rail_komuter_utara,2026-09-03,3,seasonal_naive,18554.0,15029.374053439013,20715.38810184195
rail_komuter_utara,2026-09-04,4,seasonal_naive,23263.0,17473.89127089795,26008.4247989772
rail_komuter_utara,2026-09-05,5,seasonal_naive,20918.0,17650.144280156994,23647.002124789393
rail_komuter_utara,2026-09-06,6,seasonal_naive,18058.0,15043.013888151821,20970.894690122383
rail_komuter_utara,2026-09-07,7,seasonal_naive,23467.0,19120.278969729774,29338.886975253805
rail_komuter_utara,2026-09-08,8,seasonal_naive,15245.0,11508.761304438916,18425.333766586675
rail_komuter_utara,2026-09-09,9,seasonal_naive,15747.0,12986.349191527974,19135.34506163674
rail_komuter_utara,2026-09-10,10,seasonal_naive,18554.0,16135.926038688323,21399.2676132821
rail_komuter_utara,2026-09-11,11,seasonal_naive,23263.0,20236.127184886027,26666.493687962033
rail_komuter_utara,2026-09-12,12,seasonal_naive,20918.0,18134.66141811048,24164.211018527687
rail_komuter_utara,2026-09-13,13,seasonal_naive,18058.0,15173.363764032758,21370.982831245205
rail_komuter_utara,2026-09-14,14,seasonal_naive,23467.0,19996.43148909228,29584.195127162522
rail_komuter_utara,2026-09-01,1,weekday_mean,14419.25,10954.224847680132,16646.84533228413
rail_komuter_utara,2026-09-02,2,weekday_mean,14706.25,12227.832479284374,16856.598093929024
rail_komuter_utara,2026-09-03,3,weekday_mean,17399.5,14403.580037519085,19524.791444202707
rail_komuter_utara,2026-09-04,4,weekday_mean,21249.5,16797.616543680877,24300.21602572668
rail_komuter_utara,2026-09-05,5,weekday_mean,19187.5,16879.114176989668,21728.604060002144
rail_komuter_utara,2026-09-06,6,weekday_mean,19123.25,16298.398504515624,21683.086433815803
rail_komuter_utara,2026-09-07,7,weekday_mean,18166.0,14297.077138551005,21297.395462018667
rail_komuter_utara,2026-09-08,8,weekday_mean,14419.25,11323.016810848587,16558.409230162888
rail_komuter_utara,2026-09-09,9,weekday_mean,14706.25,12876.029485374693,16861.28107073086
rail_komuter_utara,2026-09-10,10,weekday_mean,17399.5,15633.868654149612,19529.157720131014
rail_komuter_utara,2026-09-11,11,weekday_mean,21249.5,19300.742694417688,24737.853372287114
rail_komuter_utara,2026-09-12,12,weekday_mean,19187.5,17033.78664570443,21728.023979320475
rail_komuter_utara,2026-09-13,13,weekday_mean,19123.25,16373.442817030698,22394.15765782444
rail_komuter_utara,2026-09-14,14,weekday_mean,18166.0,14651.93188819768,21331.489184591344
rail_komuter_utara,2026-09-01,1,ets,17769.36253106019,15720.323949618603,20064.370154292035
rail_komuter_utara,2026-09-02,2,ets,17664.183967873556,15434.356975541306,19486.460990605065
rail_komuter_utara,2026-09-03,3,ets,21105.95984692302,16755.503430446668,23892.97349147047
rail_komuter_utara,2026-09-04,4,ets,24250.10784516585,17712.747879243423,27515.82865842836
rail_komuter_utara,2026-09-05,5,ets,21717.131905649378,18601.267484988188,24361.063743668143
rail_komuter_utara,2026-09-06,6,ets,23554.947549541685,20304.216908205206,26880.13674133644
rail_komuter_utara,2026-09-07,7,ets,19971.45370538471,16297.442470138876,23349.855023080305
rail_komuter_utara,2026-09-08,8,ets,17769.36253106019,14109.249917462084,20692.921767027237
rail_komuter_utara,2026-09-09,9,ets,17664.183967873556,15095.573765616455,20134.88656345934
rail_komuter_utara,2026-09-10,10,ets,21105.95984692302,18655.50072066798,24103.35963231976
rail_komuter_utara,2026-09-11,11,ets,24250.10784516585,21714.8268329286,28256.578523048225
rail_komuter_utara,2026-09-12,12,ets,21717.131905649378,18909.420049692555,25210.738378857943
rail_komuter_utara,2026-09-13,13,ets,23554.947549541685,20167.42030650547,27693.03575496244
rail_komuter_utara,2026-09-14,14,ets,19971.45370538471,16459.456649324296,23512.748192059313
rail_komuter_utara,2026-09-01,1,lgbm_nohol,15937.632861809641,13550.150591292468,16994.595133546212
rail_komuter_utara,2026-09-02,2,lgbm_nohol,15916.025215218093,13939.381817141264,17328.957465697415
rail_komuter_utara,2026-09-03,3,lgbm_nohol,19071.259046628813,15728.230642775343,20693.956802347842
rail_komuter_utara,2026-09-04,4,lgbm_nohol,22063.843385214877,17398.300548637184,23810.498131945882
rail_komuter_utara,2026-09-05,5,lgbm_nohol,20684.11185239988,18041.445912128347,22828.116661757766
rail_komuter_utara,2026-09-06,6,lgbm_nohol,19981.765474912136,16955.271853079637,22266.868496367617
rail_komuter_utara,2026-09-07,7,lgbm_nohol,16418.075735959595,13797.697392196389,17685.10270872172
rail_komuter_utara,2026-09-08,8,lgbm_nohol,15007.648134566487,12555.885015275475,16136.591507556279
rail_komuter_utara,2026-09-09,9,lgbm_nohol,15276.856053928783,13206.278351988462,17170.368203143335
rail_komuter_utara,2026-09-10,10,lgbm_nohol,18585.30185479837,16582.046736608903,19934.115161058875
rail_komuter_utara,2026-09-11,11,lgbm_nohol,21854.911456414502,19842.56639787589,24345.957856076093
rail_komuter_utara,2026-09-12,12,lgbm_nohol,20557.148675461613,18253.579338857715,22921.543830248116
rail_komuter_utara,2026-09-13,13,lgbm_nohol,19961.952812282583,17313.096923414447,23030.855785405452
rail_komuter_utara,2026-09-14,14,lgbm_nohol,16447.390415992806,13601.433633751552,17899.582069651366
rail_komuter_utara,2026-09-01,1,lgbm,19023.035926263838,16502.67982957838,20342.86039732561
rail_komuter_utara,2026-09-02,2,lgbm,17305.845339844745,15355.414250118236,18632.417181925062
rail_komuter_utara,2026-09-03,3,lgbm,18163.284872219367,15788.50167341697,19715.084024364358
rail_komuter_utara,2026-09-04,4,lgbm,20987.959620042042,18273.630259819827,22924.514806354928
rail_komuter_utara,2026-09-05,5,lgbm,19454.535147356964,16940.863733203372,21340.429453840123
rail_komuter_utara,2026-09-06,6,lgbm,18920.965409315322,16142.858918630012,20771.534337071032
rail_komuter_utara,2026-09-07,7,lgbm,15722.260291447135,14262.484240665133,16776.95006669332
rail_komuter_utara,2026-09-08,8,lgbm,14057.183006046505,12492.16970388217,15125.808139144008
rail_komuter_utara,2026-09-09,9,lgbm,14468.176414876503,12985.038498052423,15824.21886770333
rail_komuter_utara,2026-09-10,10,lgbm,18344.551130731386,16763.511906361728,19592.299988643786
rail_komuter_utara,2026-09-11,11,lgbm,22137.989536255136,20399.062943207122,24303.212726952694
rail_komuter_utara,2026-09-12,12,lgbm,20687.40518689385,18594.475523329547,22867.564402979377
rail_komuter_utara,2026-09-13,13,lgbm,19532.527713222964,17277.893044725486,21989.21309506869
rail_komuter_utara,2026-09-14,14,lgbm,16914.375806685326,14981.952514528151,18525.848679816554
rail_ets,2026-09-01,1,seasonal_naive,17510.0,14687.87496970294,21366.224919143555
rail_ets,2026-09-02,2,seasonal_naive,15507.0,12561.774143004468,18040.814054627015
rail_ets,2026-09-03,3,seasonal_naive,17423.0,14113.213824150967,19452.643022715918
rail_ets,2026-09-04,4,seasonal_naive,23779.0,17861.487724464958,26585.31884971102
rail_ets,2026-09-05,5,seasonal_naive,23591.0,19905.582334598374,26668.71012610693
rail_ets,2026-09-06,6,seasonal_naive,21941.0,18277.73928422545,25480.21785761479
rail_ets,2026-09-07,7,seasonal_naive,22144.0,18042.323793449184,27684.86147379389
rail_ets,2026-09-08,8,seasonal_naive,17510.0,13218.692391580087,21162.815465479438
rail_ets,2026-09-09,9,seasonal_naive,15507.0,12788.421593993895,18843.706579620437
rail_ets,2026-09-10,10,seasonal_naive,17423.0,15152.317127356788,20094.83739659537
rail_ets,2026-09-11,11,seasonal_naive,23779.0,20684.990562955176,27257.98383337932
rail_ets,2026-09-12,12,seasonal_naive,23591.0,20452.010381761178,27252.007235006677
rail_ets,2026-09-13,13,seasonal_naive,21941.0,18436.116657091028,25966.331927746967
rail_ets,2026-09-14,14,seasonal_naive,22144.0,18869.08353187098,27916.340467488222
rail_ets,2026-09-01,1,weekday_mean,15246.0,11582.316048791032,17601.309098755984
rail_ets,2026-09-02,2,weekday_mean,14827.75,12328.857697882882,16995.862617780334
rail_ets,2026-09-03,3,weekday_mean,16452.0,13619.215244234452,18461.564100541207
rail_ets,2026-09-04,4,weekday_mean,21117.25,16693.072319408457,24148.980251537734
rail_ets,2026-09-05,5,weekday_mean,20619.0,18138.404035204836,23349.675441918065
rail_ets,2026-09-06,6,weekday_mean,21013.0,17909.01268932854,23825.784962558286
rail_ets,2026-09-07,7,weekday_mean,18518.25,14574.310455667463,21710.36181868164
rail_ets,2026-09-08,8,weekday_mean,15246.0,11972.251803194002,17507.802727573613
rail_ets,2026-09-09,9,weekday_mean,14827.75,12982.409609631317,17000.5842817386
rail_ets,2026-09-10,10,weekday_mean,16452.0,14782.51162131684,18465.692622011764
rail_ets,2026-09-11,11,weekday_mean,21117.25,19180.620557463895,24583.89401328451
rail_ets,2026-09-12,12,weekday_mean,20619.0,18304.615375585676,23349.0520860718
rail_ets,2026-09-13,13,weekday_mean,21013.0,17991.472455499334,24607.120214990013
rail_ets,2026-09-14,14,weekday_mean,18518.25,14936.045680107061,21745.116603277558
rail_ets,2026-09-01,1,ets,19409.963035559605,17171.752526726214,21916.85101058074
rail_ets,2026-09-02,2,ets,19539.782667014544,17073.2040725629,21555.539724798364
rail_ets,2026-09-03,3,ets,21830.406372859063,17330.63081899818,24713.077675694196
rail_ets,2026-09-04,4,ets,26213.367736964145,19146.772706759828,29743.46652138673
rail_ets,2026-09-05,5,ets,25189.47830462589,21575.44209608788,28256.128230773393
rail_ets,2026-09-06,6,ets,26509.087920410762,22850.684668910908,30251.287534375926
rail_ets,2026-09-07,7,ets,22143.99993759206,18070.340297399925,25889.894061224917
rail_ets,2026-09-08,8,ets,19409.963035559605,15411.940455864964,22603.431945517717
rail_ets,2026-09-09,9,ets,19539.782667014544,16698.45059768177,22272.811801778887
rail_ets,2026-09-10,10,ets,21830.406372859063,19295.841026957118,24930.68482373489
rail_ets,2026-09-11,11,ets,26213.367736964145,23472.84185271766,30544.184141226204
rail_ets,2026-09-12,12,ets,25189.47830462589,21932.862823129373,29241.650860285186
rail_ets,2026-09-13,13,ets,26509.087920410762,22696.732469338112,31166.13183330797
rail_ets,2026-09-14,14,ets,22143.99993759206,18249.977914333434,26070.50628194078
rail_ets,2026-09-01,1,lgbm_nohol,16962.2353061739,14421.275620657754,18087.14356403184
rail_ets,2026-09-02,2,lgbm_nohol,16388.117867778652,14352.848010778316,17842.957128204744
rail_ets,2026-09-03,3,lgbm_nohol,18092.190638933884,14920.775544664644,19631.587716742775
rail_ets,2026-09-04,4,lgbm_nohol,21508.094888587868,16960.06335141574,23210.756540390645
rail_ets,2026-09-05,5,lgbm_nohol,21110.645458812316,18413.486903654753,23298.860331428572
rail_ets,2026-09-06,6,lgbm_nohol,22206.7197158579,18843.245217802556,24746.2544707473
rail_ets,2026-09-07,7,lgbm_nohol,17506.785773078274,14712.65634552809,18857.826304504062
rail_ets,2026-09-08,8,lgbm_nohol,16130.759603140837,13495.52870895,17344.1828865268
rail_ets,2026-09-09,9,lgbm_nohol,15728.358203149071,13596.589305320158,17677.828780164444
rail_ets,2026-09-10,10,lgbm_nohol,17568.532504904622,15674.86607305552,18843.5585650928
rail_ets,2026-09-11,11,lgbm_nohol,21146.230006374983,19199.135560555453,23556.503825211086
rail_ets,2026-09-12,12,lgbm_nohol,20916.952464544243,18573.06660971641,23322.728696440878
rail_ets,2026-09-13,13,lgbm_nohol,22366.61615195442,19398.68889584265,25805.1878079556
rail_ets,2026-09-14,14,lgbm_nohol,17627.359527427157,14577.24045267024,19183.72801856726
rail_ets,2026-09-01,1,lgbm,19746.83492722759,17130.587967429572,21116.874170659677
rail_ets,2026-09-02,2,lgbm,18056.094086363715,16021.112146871994,19440.172587927304
rail_ets,2026-09-03,3,lgbm,17539.055694636063,15245.883689093152,19037.52611320677
rail_ets,2026-09-04,4,lgbm,20651.984227038087,17981.103798542437,22557.540502420008
rail_ets,2026-09-05,5,lgbm,20164.340427942694,17558.96157783785,22119.038688016928
rail_ets,2026-09-06,6,lgbm,20901.453383571927,17832.573372430972,22945.714109598695
rail_ets,2026-09-07,7,lgbm,16883.195857964656,15315.636440050765,18015.759232517197
rail_ets,2026-09-08,8,lgbm,15484.62125643277,13760.699804551516,16661.752331560718
rail_ets,2026-09-09,9,lgbm,14797.260601986407,13280.390479421292,16184.14462557577
rail_ets,2026-09-10,10,lgbm,16972.878640287057,15510.05161869764,18127.334973424076
rail_ets,2026-09-11,11,lgbm,21044.135421772688,19391.12657151386,23102.378197124784
rail_ets,2026-09-12,12,lgbm,20899.512606254473,18785.125227325858,23102.023856773863
rail_ets,2026-09-13,13,lgbm,21361.99986666483,18896.200507244244,24048.773615642116
rail_ets,2026-09-14,14,lgbm,17309.748081897684,15332.157209520887,18958.886786611623
rail_intercity,2026-09-01,1,seasonal_naive,4001.0,3356.0257340386706,4882.30958405645
rail_intercity,2026-09-02,2,seasonal_naive,2464.0,1995.855704314293,2866.750299500622
rail_intercity,2026-09-03,3,seasonal_naive,3373.0,2732.0898440476003,3766.0220132371182
rail_intercity,2026-09-04,4,seasonal_naive,4639.0,3484.363458432191,5186.574409699716
rail_intercity,2026-09-05,5,seasonal_naive,5051.0,4261.803236452652,5710.062036160231
rail_intercity,2026-09-06,6,seasonal_naive,5191.0,4324.185232143768,6028.463272114484
rail_intercity,2026-09-07,7,seasonal_naive,5420.0,4415.927445666661,6776.37886879372
rail_intercity,2026-09-08,8,seasonal_naive,4001.0,3020.255722180544,4835.821968639638
rail_intercity,2026-09-09,9,seasonal_naive,2464.0,2031.8813663396288,2994.370242375834
rail_intercity,2026-09-10,10,seasonal_naive,3373.0,2933.3028000287986,3890.377145093711
rail_intercity,2026-09-11,11,seasonal_naive,4639.0,4035.290841552234,5317.826113830117
rail_intercity,2026-09-12,12,seasonal_naive,5051.0,4378.815549705724,5834.9695045461895
rail_intercity,2026-09-13,13,seasonal_naive,5191.0,4361.6610921345655,6143.489443481099
rail_intercity,2026-09-14,14,seasonal_naive,5420.0,4618.31464557565,6833.043922973759
rail_intercity,2026-09-01,1,weekday_mean,2319.75,1762.0996733935733,2678.252235911197
rail_intercity,2026-09-02,2,weekday_mean,1954.75,1625.1734261238785,2240.700349977169
rail_intercity,2026-09-03,3,weekday_mean,3068.25,2539.80384357665,3443.127202673442
rail_intercity,2026-09-04,4,weekday_mean,3986.75,3151.334444933701,4559.230310185251
rail_intercity,2026-09-05,5,weekday_mean,4435.0,3901.3470562642374,5022.452776932514
rail_intercity,2026-09-06,6,weekday_mean,3732.5,3181.0230501383935,4232.239823818001
rail_intercity,2026-09-07,7,weekday_mean,3027.0,2382.144029037952,3548.927971541394
rail_intercity,2026-09-08,8,weekday_mean,2319.75,1821.451900194299,2664.0196058251786
rail_intercity,2026-09-09,9,weekday_mean,1954.75,1711.3697779001225,2241.323085830585
rail_intercity,2026-09-10,10,weekday_mean,3068.25,2756.8127419757307,3443.8973640132285
rail_intercity,2026-09-11,11,weekday_mean,3986.75,3621.057101228876,4641.354887430322
rail_intercity,2026-09-12,12,weekday_mean,4435.0,3937.1042582976715,5022.318673802833
rail_intercity,2026-09-13,13,weekday_mean,3732.5,3195.6734516325714,4371.057524634308
rail_intercity,2026-09-14,14,weekday_mean,3027.0,2441.2897428008214,3554.610571417547
rail_intercity,2026-09-01,1,ets,5046.72552249238,4464.68988163046,5698.629417747961
rail_intercity,2026-09-02,2,ets,5115.335577734729,4469.514781652975,5643.118406424513
rail_intercity,2026-09-03,3,ets,7119.529334034611,5651.882986354896,8059.7411198284735
rail_intercity,2026-09-04,4,ets,8656.638640858386,6322.802982234947,9822.500047424723
rail_intercity,2026-09-05,5,ets,9506.900191394025,8142.8174954114975,10664.37727726587
rail_intercity,2026-09-06,6,ets,8480.271288758086,7309.8522938155675,9677.498934249521
rail_intercity,2026-09-07,7,ets,5419.9999603583,4422.785744497887,6336.978599010225
rail_intercity,2026-09-08,8,ets,5046.72552249238,4007.059402987884,5877.171414978557
rail_intercity,2026-09-09,9,ets,5115.335577734729,4371.393607640298,5830.920743153128
rail_intercity,2026-09-10,10,ets,7119.529334034611,6292.855752576337,8130.715845618274
rail_intercity,2026-09-11,11,ets,8656.638640858386,7751.544036639916,10086.947539559476
rail_intercity,2026-09-12,12,ets,9506.900191394025,8277.722460611063,11036.353175636868
rail_intercity,2026-09-13,13,ets,8480.271288758086,7260.5989539549855,9970.18158055046
rail_intercity,2026-09-14,14,ets,5419.9999603583,4466.760254184939,6381.191687477154
rail_intercity,2026-09-01,1,lgbm_nohol,2151.9006875464916,1829.4130396869707,2294.6691935571134
rail_intercity,2026-09-02,2,lgbm_nohol,2376.326873773582,2081.1003847420516,2587.3588828624643
rail_intercity,2026-09-03,3,lgbm_nohol,3646.1531751352845,3006.871974734603,3956.4586957129145
rail_intercity,2026-09-04,4,lgbm_nohol,4437.870666631182,3499.2852037915472,4789.252019520892
rail_intercity,2026-09-05,5,lgbm_nohol,4906.663991889655,4279.676012795932,5415.341695757289
rail_intercity,2026-09-06,6,lgbm_nohol,3813.2750904888844,3235.583316656467,4249.451531876903
rail_intercity,2026-09-07,7,lgbm_nohol,2603.1414688844598,2187.5373253323583,2804.0978159423316
rail_intercity,2026-09-08,8,lgbm_nohol,1962.924913804126,1642.104635418621,2110.6504115711346
rail_intercity,2026-09-09,9,lgbm_nohol,2187.1596628594293,1890.6026989628572,2458.356543587999
rail_intercity,2026-09-10,10,lgbm_nohol,3347.4268272443483,2986.5291493758255,3590.4231314532376
rail_intercity,2026-09-11,11,lgbm_nohol,4335.162718049901,3935.918072678403,4829.380611853404
rail_intercity,2026-09-12,12,lgbm_nohol,4885.31744004368,4337.798730966891,5447.293397235685
rail_intercity,2026-09-13,13,lgbm_nohol,3801.9104391890187,3297.3076478882185,4386.53152521225
rail_intercity,2026-09-14,14,lgbm_nohol,2605.156858911629,2154.2306831204382,2835.248627341242
rail_intercity,2026-09-01,1,lgbm,2799.189885949602,2428.2131027746545,2993.45776629952
rail_intercity,2026-09-02,2,lgbm,2840.226843462597,2520.02884899062,3058.007233446372
rail_intercity,2026-09-03,3,lgbm,3362.5318908461654,2922.786584096771,3649.8829191495424
rail_intercity,2026-09-04,4,lgbm,4065.2390029009857,3539.3857871600935,4440.412254572612
rail_intercity,2026-09-05,5,lgbm,4614.057508518052,4017.788218263516,5061.411467866166
rail_intercity,2026-09-06,6,lgbm,3418.923641166982,2916.813429058846,3753.392301728273
rail_intercity,2026-09-07,7,lgbm,2304.5140863727975,2090.465970037898,2459.1640818897013
rail_intercity,2026-09-08,8,lgbm,1817.0209937913955,1614.6316069357947,1955.2168705721117
rail_intercity,2026-09-09,9,lgbm,2125.8500262407915,1907.8409407981126,2325.17712293809
rail_intercity,2026-09-10,10,lgbm,3191.591335427965,2916.4503983841705,3408.731292912712
rail_intercity,2026-09-11,11,lgbm,4101.757776066281,3779.503023203563,4503.013048715734
rail_intercity,2026-09-12,12,lgbm,4854.570536236808,4363.359758169839,5366.254098033839
rail_intercity,2026-09-13,13,lgbm,3707.8641121688383,3279.772794982883,4174.319141766461
rail_intercity,2026-09-14,14,lgbm,2628.392093650083,2328.0086682948404,2878.8857321105543
rail_tebrau,2026-09-01,1,seasonal_naive,8621.0,7231.452743348683,10519.713451707828
rail_tebrau,2026-09-02,2,seasonal_naive,8466.0,6857.976571370837,9849.40234720964
rail_tebrau,2026-09-03,3,seasonal_naive,8928.0,7231.886549348256,9968.098860757029
rail_tebrau,2026-09-04,4,seasonal_naive,9744.0,7319.014418625357,10894.02427209562
rail_tebrau,2026-09-05,5,seasonal_naive,8872.0,7485.906792764134,10029.533144665433
rail_tebrau,2026-09-06,6,seasonal_naive,7960.0,6630.895152753575,9244.099597323468
rail_tebrau,2026-09-07,7,seasonal_naive,9174.0,7474.615073601103,11469.660601583164
rail_tebrau,2026-09-08,8,seasonal_naive,8621.0,6508.062178071129,10419.55947366591
rail_tebrau,2026-09-09,9,seasonal_naive,8466.0,6981.720701337787,10287.76261346701
rail_tebrau,2026-09-10,10,seasonal_naive,8928.0,7764.379283182322,10297.193991861806
rail_tebrau,2026-09-11,11,seasonal_naive,9744.0,8476.080657527256,11169.68113777466
rail_tebrau,2026-09-12,12,seasonal_naive,8872.0,7691.419511587275,10248.912393871413
rail_tebrau,2026-09-13,13,seasonal_naive,7960.0,6688.357656872747,9420.471583118848
rail_tebrau,2026-09-14,14,seasonal_naive,9174.0,7817.153822755313,11565.565761535545
rail_tebrau,2026-09-01,1,weekday_mean,8675.75,6590.823803131612,10016.107330794986
rail_tebrau,2026-09-02,2,weekday_mean,8679.25,7216.482746829501,9948.389984859672
rail_tebrau,2026-09-03,3,weekday_mean,8714.25,7213.707403349803,9778.727817251673
rail_tebrau,2026-09-04,4,weekday_mean,9613.5,7599.305816767603,10993.755016557228
rail_tebrau,2026-09-05,5,weekday_mean,8758.0,7704.2880671367075,9917.941134614937
rail_tebrau,2026-09-06,6,weekday_mean,7503.0,6394.5808137775475,8507.432205150728
rail_tebrau,2026-09-07,7,weekday_mean,8479.25,6673.259297308149,9940.967199690856
rail_tebrau,2026-09-08,8,weekday_mean,8675.75,6812.728115915502,9962.89480333669
rail_tebrau,2026-09-09,9,weekday_mean,8679.25,7599.049988299912,9951.153887654833
rail_tebrau,2026-09-10,10,weekday_mean,8714.25,7829.912274824141,9780.91471913864
rail_tebrau,2026-09-11,11,weekday_mean,9613.5,8731.811234346442,11191.758087944034
rail_tebrau,2026-09-12,12,weekday_mean,8758.0,7774.8916137126425,9917.676344418165
rail_tebrau,2026-09-13,13,weekday_mean,7503.0,6424.026806227611,8786.443327937808
rail_tebrau,2026-09-14,14,weekday_mean,8479.25,6838.903431765749,9956.881951209925
rail_tebrau,2026-09-01,1,ets,9058.618801276858,8013.985726148349,10228.650880035158
rail_tebrau,2026-09-02,2,ets,9096.750244113888,7948.366558967105,10035.241530621239
rail_tebrau,2026-09-03,3,ets,9117.817208304621,7238.294192093119,10321.887721822179
rail_tebrau,2026-09-04,4,ets,10052.533095801851,7342.406812244362,11406.369484943481
rail_tebrau,2026-09-05,5,ets,9017.793540947901,7723.882166175437,10115.727538541292
rail_tebrau,2026-09-06,6,ets,7689.272530013754,6628.011695527377,8774.84172840736
rail_tebrau,2026-09-07,7,ets,8896.2800525472,7259.590472068966,10401.282046635097
rail_tebrau,2026-09-08,8,ets,9061.02731327758,7194.546513230616,10551.901435964244
rail_tebrau,2026-09-09,9,ets,9099.156798564827,7775.946373049702,10371.930468136665
rail_tebrau,2026-09-10,10,ets,9120.217273206921,8061.269406162802,10415.5215186098
rail_tebrau,2026-09-11,11,ets,10055.165944988681,9003.865248170461,11716.522376527857
rail_tebrau,2026-09-12,12,ets,9020.143598577599,7853.893575506935,10471.29629479714
rail_tebrau,2026-09-13,13,ets,7691.266389715785,6585.059054984263,9042.571691839226
rail_tebrau,2026-09-14,14,ets,8898.575318027677,7333.655815489315,10476.549535536058
rail_tebrau,2026-09-01,1,lgbm_nohol,9006.140838300635,7656.941741618989,9603.444767994173
rail_tebrau,2026-09-02,2,lgbm_nohol,9033.110232367713,7911.216278764192,9835.055666838314
rail_tebrau,2026-09-03,3,lgbm_nohol,9193.425725223384,7581.806132526217,9975.701907240875
rail_tebrau,2026-09-04,4,lgbm_nohol,9988.303871112632,7876.096487420228,10779.057955263923
rail_tebrau,2026-09-05,5,lgbm_nohol,9134.712526190462,7967.562137768728,10081.626022855502
rail_tebrau,2026-09-06,6,lgbm_nohol,7903.485601344797,6706.310201054411,8807.39271837329
rail_tebrau,2026-09-07,7,lgbm_nohol,9054.57126843442,7609.360635156161,9753.371446677556
rail_tebrau,2026-09-08,8,lgbm_nohol,8969.585229965836,7504.180096332715,9644.348383609626
rail_tebrau,2026-09-09,9,lgbm_nohol,8975.50032379193,7758.932937223052,10088.032891223567
rail_tebrau,2026-09-10,10,lgbm_nohol,9130.514980698548,8146.308748344393,9793.191666383795
rail_tebrau,2026-09-11,11,lgbm_nohol,9871.898011458861,8962.868087612607,10997.170096071584
rail_tebrau,2026-09-12,12,lgbm_nohol,9079.034080707523,8061.603551634527,10123.329893751552
rail_tebrau,2026-09-13,13,lgbm_nohol,7886.129231617354,6839.597242693374,9098.616911968043
rail_tebrau,2026-09-14,14,lgbm_nohol,8971.275521821153,7418.861715505086,9763.417688780242
rail_tebrau,2026-09-01,1,lgbm,8660.548705821955,7513.0431411736845,9261.45820702065
rail_tebrau,2026-09-02,2,lgbm,8711.50584593246,7729.631799123472,9379.320499742606
rail_tebrau,2026-09-03,3,lgbm,8898.886698368002,7735.323059545435,9659.215922990346
rail_tebrau,2026-09-04,4,lgbm,9727.724279016313,8469.588457799855,10625.34911606383
rail_tebrau,2026-09-05,5,lgbm,8796.104452458272,7659.511199073942,9648.839115101695
rail_tebrau,2026-09-06,6,lgbm,7483.862677065624,6384.941654051416,8215.882528020275
rail_tebrau,2026-09-07,7,lgbm,8647.334735031285,7844.4076263188435,9227.4504393363
rail_tebrau,2026-09-08,8,lgbm,8651.638542558803,7688.3921250025605,9309.364154055647
rail_tebrau,2026-09-09,9,lgbm,8700.428701538296,7808.503793875684,9515.921330918365
rail_tebrau,2026-09-10,10,lgbm,8924.475272003998,8155.268263687906,9531.529892364391
rail_tebrau,2026-09-11,11,lgbm,9788.549382222458,9019.620532654784,10745.980583594825
rail_tebrau,2026-09-12,12,lgbm,8925.602883483854,8022.548646053433,9866.294800959051
rail_tebrau,2026-09-13,13,lgbm,7501.964520733212,6635.943586199185,8445.59454646148
rail_tebrau,2026-09-14,14,lgbm,8808.188189380102,7801.820927032547,9647.410915716668
bus_rkl,2026-09-01,1,seasonal_naive,131738.0,110506.54951937046,160749.2052208928
bus_rkl,2026-09-02,2,seasonal_naive,242051.0,196081.3192457132,281599.2821479612
bus_rkl,2026-09-03,3,seasonal_naive,233915.0,189481.34853593298,261162.8177973838
bus_rkl,2026-09-04,4,seasonal_naive,238296.0,178997.2017357791,266417.84032504575
bus_rkl,2026-09-05,5,seasonal_naive,170207.0,143618.00500200575,192411.59838692812
bus_rkl,2026-09-06,6,seasonal_naive,196685.0,163847.8795395664,228410.21208380372
bus_rkl,2026-09-07,7,seasonal_naive,238158.0,194046.4125682578,297747.34421934007
bus_rkl,2026-09-08,8,seasonal_naive,131738.0,99453.57460878132,159218.91237546664
bus_rkl,2026-09-09,9,seasonal_naive,242051.0,199618.87849299802,294130.99103754776
bus_rkl,2026-09-10,10,seasonal_naive,233915.0,203431.23881788272,269784.23303845274
bus_rkl,2026-09-11,11,seasonal_naive,238296.0,207291.241092537,273158.5488033134
bus_rkl,2026-09-12,12,seasonal_naive,170207.0,147560.2915843848,196619.88230993628
bus_rkl,2026-09-13,13,seasonal_naive,196685.0,165267.55923874784,232767.6923498696
bus_rkl,2026-09-14,14,seasonal_naive,238158.0,202937.82248213436,300236.79130262067
bus_rkl,2026-09-01,1,weekday_mean,219763.5,166956.5431104176,253712.03587155245
bus_rkl,2026-09-02,2,weekday_mean,247888.5,206114.97469775524,284132.4418538486
bus_rkl,2026-09-03,3,weekday_mean,242802.75,200998.1695804589,272458.72152353864
bus_rkl,2026-09-04,4,weekday_mean,240039.0,189751.7077078263,274499.07740125834
bus_rkl,2026-09-05,5,weekday_mean,163735.75,144038.13984778442,185419.1603862498
bus_rkl,2026-09-06,6,weekday_mean,157107.0,133900.50726158882,178136.36232500267
bus_rkl,2026-09-07,7,weekday_mean,238585.0,187774.69396038566,279709.40786597563
bus_rkl,2026-09-08,8,weekday_mean,219763.5,172576.92981590008,252364.2703498296
bus_rkl,2026-09-09,9,weekday_mean,247888.5,217040.28240254245,284211.3730461462
bus_rkl,2026-09-10,10,weekday_mean,242802.75,218165.41705611753,272519.64782846824
bus_rkl,2026-09-11,11,weekday_mean,240039.0,218026.35542072085,279442.5125518838
bus_rkl,2026-09-12,12,weekday_mean,163735.75,145357.97033697492,185414.210519113
bus_rkl,2026-09-13,13,weekday_mean,157107.0,134517.00526023548,183977.89743678737
bus_rkl,2026-09-14,14,weekday_mean,238585.0,192434.9777331165,280157.15845185803
bus_rkl,2026-09-01,1,ets,253889.41478046493,224614.1957502349,286678.8661137293
bus_rkl,2026-09-02,2,ets,260543.44549488163,227655.64549668776,287420.2760611017
bus_rkl,2026-09-03,3,ets,257900.7198149909,204743.36319297706,291954.68198147585
bus_rkl,2026-09-04,4,ets,250444.59466362503,182932.09112568942,284170.2865497358
bus_rkl,2026-09-05,5,ets,177984.4055158147,152449.13411894918,199652.07391336848
bus_rkl,2026-09-06,6,ets,165769.3957652044,142893.01162454986,189169.76746151177
bus_rkl,2026-09-07,7,ets,246413.08511370508,201084.2471759562,288094.77741485945
bus_rkl,2026-09-08,8,ets,253889.08356483918,201596.0425141058,295658.7828283773
bus_rkl,2026-09-09,9,ets,260543.11070860666,222658.63341580154,296983.5469793551
bus_rkl,2026-09-10,10,ets,257900.3934065516,227958.76146474897,294524.97538598866
bus_rkl,2026-09-11,11,ets,250444.28245718862,224262.007681454,291819.7811348175
bus_rkl,2026-09-12,12,ets,177984.1869741928,154974.3295047232,206615.11177240394
bus_rkl,2026-09-13,13,ets,165769.19528197107,141930.16051505777,194890.15033860458
bus_rkl,2026-09-14,14,ets,246412.79158003407,203082.8871342701,290104.15842133976
bus_rkl,2026-09-01,1,lgbm_nohol,247944.40745097227,210804.12889146336,264386.7801060304
bus_rkl,2026-09-02,2,lgbm_nohol,246279.7987366166,215695.60927196787,268141.80363411934
bus_rkl,2026-09-03,3,lgbm_nohol,240290.7546971396,198171.87621502724,260735.15460338767
bus_rkl,2026-09-04,4,lgbm_nohol,240587.3630381983,189715.69836601833,259632.35687624628
bus_rkl,2026-09-05,5,lgbm_nohol,167509.94323256216,146109.26300118642,184872.3955351356
bus_rkl,2026-09-06,6,lgbm_nohol,164983.00437405618,139995.31998325684,183849.5345027464
bus_rkl,2026-09-07,7,lgbm_nohol,239431.97359577598,201220.01886198347,257908.53345779548
bus_rkl,2026-09-08,8,lgbm_nohol,249092.51803423456,208401.42478618654,267829.21396568225
bus_rkl,2026-09-09,9,lgbm_nohol,247914.94878550761,214315.38915497652,278641.2404426865
bus_rkl,2026-09-10,10,lgbm_nohol,241914.99149723645,215840.98000615515,259470.90503387342
bus_rkl,2026-09-11,11,lgbm_nohol,241410.3053295127,219182.7789998971,268925.367521174
bus_rkl,2026-09-12,12,lgbm_nohol,168863.34798564695,149941.86141571816,188284.4569821982
bus_rkl,2026-09-13,13,lgbm_nohol,166335.08706307676,144264.18763795632,191905.9190399687
bus_rkl,2026-09-14,14,lgbm_nohol,240377.9850672404,198786.79069753343,261600.50879151645
bus_rkl,2026-09-01,1,lgbm,245218.33116779223,212731.00625264985,262230.8344718803
bus_rkl,2026-09-02,2,lgbm,243568.96349431833,216119.33763852206,262238.63140914077
bus_rkl,2026-09-03,3,lgbm,242185.22560914204,210522.0038746282,262875.51879741123
bus_rkl,2026-09-04,4,lgbm,238760.91984686922,207883.80631311695,260790.38879357968
bus_rkl,2026-09-05,5,lgbm,162405.49069953855,141422.4362601499,178148.13020168446
bus_rkl,2026-09-06,6,lgbm,159148.29233281576,135782.131764733,174713.09910074418
bus_rkl,2026-09-07,7,lgbm,241857.42079552007,219402.84561117954,258080.8756478818
bus_rkl,2026-09-08,8,lgbm,251444.17165050303,223452.2869077323,270557.63957919437
bus_rkl,2026-09-09,9,lgbm,250110.6602404244,224473.39685333884,273550.97360092116
bus_rkl,2026-09-10,10,lgbm,245837.4580563491,224650.83671824445,262557.841820504
bus_rkl,2026-09-11,11,lgbm,242332.57385597052,223298.26809976512,266033.12591315905
bus_rkl,2026-09-12,12,lgbm,165756.17612790465,148987.45433747306,183223.78815033816
bus_rkl,2026-09-13,13,lgbm,159943.75950936286,141482.3220706873,180059.63199068076
bus_rkl,2026-09-14,14,lgbm,240942.65677376863,213417.1001578088,263896.57581649633
bus_rpn,2026-09-01,1,seasonal_naive,38406.0,32216.213235188206,46863.885356036
bus_rpn,2026-09-02,2,seasonal_naive,48946.0,39650.154628426586,56943.330186473315
bus_rpn,2026-09-03,3,seasonal_naive,47592.0,38551.44367153448,53135.89350207291
bus_rpn,2026-09-04,4,seasonal_naive,50169.0,37684.49239429803,56089.64830487813
bus_rpn,2026-09-05,5,seasonal_naive,40251.0,33963.045105639794,45502.101559683644
bus_rpn,2026-09-06,6,seasonal_naive,46921.0,39087.27840189714,54489.46141258782
bus_rpn,2026-09-07,7,seasonal_naive,42372.0,34523.71253555308,52974.07375159492
bus_rpn,2026-09-08,8,seasonal_naive,38406.0,28993.844708092987,46417.74596440344
bus_rpn,2026-09-09,9,seasonal_naive,48946.0,40365.50881875283,59477.45324688426
bus_rpn,2026-09-10,10,seasonal_naive,47592.0,41389.71522281286,54890.023256207714
bus_rpn,2026-09-11,11,seasonal_naive,50169.0,43641.39472428349,57508.807355788085
bus_rpn,2026-09-12,12,seasonal_naive,40251.0,34895.345112184266,46497.30651167723
bus_rpn,2026-09-13,13,seasonal_naive,46921.0,39425.96143396344,55528.99492816261
bus_rpn,2026-09-14,14,seasonal_naive,42372.0,36105.66288082952,53416.99357095865
bus_rpn,2026-09-01,1,weekday_mean,47317.25,35947.20257268356,54626.8259665646
bus_rpn,2026-09-02,2,weekday_mean,50204.25,41743.825975664455,57544.7632599724
bus_rpn,2026-09-03,3,weekday_mean,49491.25,40969.95349914681,55536.21741354223
bus_rpn,2026-09-04,4,weekday_mean,50240.25,39714.93578622661,57452.87024552556
bus_rpn,2026-09-05,5,weekday_mean,45537.75,40059.41636800112,51568.37785066173
bus_rpn,2026-09-06,6,weekday_mean,48330.75,41191.64565515631,54800.095180076445
bus_rpn,2026-09-07,7,weekday_mean,47272.0,37204.53754448845,55420.316049761015
bus_rpn,2026-09-08,8,weekday_mean,47317.25,37157.347355970654,54336.633938742714
bus_rpn,2026-09-09,9,weekday_mean,50204.25,43956.53689986959,57560.74925470835
bus_rpn,2026-09-10,10,weekday_mean,49491.25,44469.263966457074,55548.636414134904
bus_rpn,2026-09-11,11,weekday_mean,50240.25,45632.92297338477,58487.549304271444
bus_rpn,2026-09-12,12,weekday_mean,45537.75,40426.48992167562,51567.00118499519
bus_rpn,2026-09-13,13,weekday_mean,48330.75,41381.30135153136,56597.14952892565
bus_rpn,2026-09-14,14,weekday_mean,47272.0,38127.917771275876,55509.03254379845
bus_rpn,2026-09-01,1,ets,46084.45990014636,40770.506106923145,52036.30706174005
bus_rpn,2026-09-02,2,ets,46603.080961759595,40720.377567877054,51410.59081031717
bus_rpn,2026-09-03,3,ets,45960.16675732257,36486.89091474391,52028.98954378618
bus_rpn,2026-09-04,4,ets,48501.13464517328,35426.436560634436,55032.5653579346
bus_rpn,2026-09-05,5,ets,43435.423120059306,37203.67142297286,48723.30619009933
bus_rpn,2026-09-06,6,ets,45157.271910125375,38925.411446889404,51531.874220640326
bus_rpn,2026-09-07,7,ets,45242.13232406596,36919.48058941619,52895.145825310996
bus_rpn,2026-09-08,8,ets,46084.61335142758,36592.48653419816,53666.564497515654
bus_rpn,2026-09-09,9,ets,46603.23312529117,39826.733718792144,53121.43298991471
bus_rpn,2026-09-10,10,ets,45960.3139064579,40624.33364527542,52487.28100351487
bus_rpn,2026-09-11,11,ets,48501.28691279378,43430.71744251693,56514.24003506041
bus_rpn,2026-09-12,12,ets,43435.55683526667,37820.09524132559,50422.81691789402
bus_rpn,2026-09-13,13,ets,45157.40822526747,38663.2802436393,53090.414361384064
bus_rpn,2026-09-14,14,ets,45242.26624223122,37286.5978905537,53264.301574803714
bus_rpn,2026-09-01,1,lgbm_nohol,47159.22421627663,40094.99228583542,50286.63032164458
bus_rpn,2026-09-02,2,lgbm_nohol,48432.99619230165,42418.2580410761,52732.414853413444
bus_rpn,2026-09-03,3,lgbm_nohol,48574.945007766975,40060.44426047909,52707.8627053151
bus_rpn,2026-09-04,4,lgbm_nohol,50121.89003318749,39523.560080861294,54089.62197072784
bus_rpn,2026-09-05,5,lgbm_nohol,44637.82072216776,38934.90299186438,49264.619310220274
bus_rpn,2026-09-06,6,lgbm_nohol,46519.452662999334,39473.688479553784,51839.23820885676
bus_rpn,2026-09-07,7,lgbm_nohol,47917.81255531643,40270.279850183855,51615.61071318391
bus_rpn,2026-09-08,8,lgbm_nohol,47914.89284177545,40087.51106534483,51519.10350749334
bus_rpn,2026-09-09,9,lgbm_nohol,49272.38069131648,42594.456576929995,55379.24180079061
bus_rpn,2026-09-10,10,lgbm_nohol,49373.210098221214,44051.595295097344,52956.31081867947
bus_rpn,2026-09-11,11,lgbm_nohol,50666.30024737854,46001.196644372314,56441.14958795648
bus_rpn,2026-09-12,12,lgbm_nohol,45379.58463527181,40294.62660265739,50598.81113892517
bus_rpn,2026-09-13,13,lgbm_nohol,47225.79355429954,40959.337314333985,54485.96435732203
bus_rpn,2026-09-14,14,lgbm_nohol,48393.62598598341,40020.222232451146,52666.27942874466
bus_rpn,2026-09-01,1,lgbm,48862.75650149227,42389.15294634613,52252.761746890224
bus_rpn,2026-09-02,2,lgbm,49486.21180792543,43909.14709400892,53279.41273151139
bus_rpn,2026-09-03,3,lgbm,48770.9715921816,42394.5653904312,52937.626359908754
bus_rpn,2026-09-04,4,lgbm,50083.93229502114,43606.86031555515,54705.03963658926
bus_rpn,2026-09-05,5,lgbm,44017.29322836632,38330.0929252173,48284.143148028365
bus_rpn,2026-09-06,6,lgbm,46985.88263630955,40087.30942759106,51581.20152300679
bus_rpn,2026-09-07,7,lgbm,48655.49461685876,44138.13725966166,51919.29019236271
bus_rpn,2026-09-08,8,lgbm,49588.0020578937,44067.5555088426,53357.4830713004
bus_rpn,2026-09-09,9,lgbm,50545.241782672994,45364.086643548246,55282.40495788186
bus_rpn,2026-09-10,10,lgbm,50201.10677316366,45874.635500168915,53615.53793113967
bus_rpn,2026-09-11,11,lgbm,51035.88114981524,47027.143997999556,56027.35731748262
bus_rpn,2026-09-12,12,lgbm,44900.9348068439,40358.458455490894,49632.733420843775
bus_rpn,2026-09-13,13,lgbm,47250.50266080134,41796.55304137208,53193.21191236449
bus_rpn,2026-09-14,14,lgbm,48628.55199628444,43073.08104259458,53261.331354551214
